architecture,train_nx,train_ny,eval_nx,eval_ny,metric,paired_sample_seed_averaged_mean,bootstrap_ci95_low,bootstrap_ci95_high,conditioning_sample_count,bootstrap_replicates,bootstrap_seed,method,record_type,architecture_first,architecture_second,difference_definition,paired_mean_difference,n_test_samples,energy_valid_sample_fraction_seed_mean,fraction_samples_with_any_nonpositive_j_seed_mean,strain_energy_density_rel_finite_seed_count
corrected_fno,64,16,64,16,joint_rel_l2,0.00117931788783,0.00107756280556,0.00131064876538,75.0,10000.0,20260801.0,resample paired sample identities after averaging the three seeds,within_architecture_bootstrap,,,,,,,,
corrected_fno,64,16,64,16,ux_rel_l2,0.00207763388179,0.00194776878666,0.00222645059452,75.0,10000.0,20260801.0,resample paired sample identities after averaging the three seeds,within_architecture_bootstrap,,,,,,,,
corrected_fno,64,16,64,16,uy_rel_l2,0.00112171382582,0.00101618174206,0.00125275165112,75.0,10000.0,20260801.0,resample paired sample identities after averaging the three seeds,within_architecture_bootstrap,,,,,,,,
corrected_fno,64,16,64,16,vector_h1_seminorm_rel,0.0189170547184,0.0170589875059,0.0213550775676,75.0,10000.0,20260801.0,resample paired sample identities after averaging the three seeds,within_architecture_bootstrap,,,,,,,,
corrected_fno,64,16,64,16,deformation_gradient_rel,0.00477378074164,0.00433542188366,0.00533074348787,75.0,10000.0,20260801.0,resample paired sample identities after averaging the three seeds,within_architecture_bootstrap,,,,,,,,
corrected_fno,64,16,64,16,strain_energy_density_rel,0.0979371837059,0.0730955948345,0.138924128424,75.0,10000.0,20260801.0,resample paired sample identities after averaging the three seeds,within_architecture_bootstrap,,,,,,,,
corrected_fno,64,16,64,16,sampled_total_potential_rel,0.0393556727653,0.0276623031284,0.0572755735729,75.0,10000.0,20260801.0,resample paired sample identities after averaging the three seeds,within_architecture_bootstrap,,,,,,,,
corrected_fno,64,16,64,16,min_det_f,0.919065768644,0.917567804954,0.920425548446,75.0,10000.0,20260801.0,resample paired sample identities after averaging the three seeds,within_architecture_bootstrap,,,,,,,,
corrected_fno,64,16,64,16,nonpositive_j_fraction,0.0,0.0,0.0,75.0,10000.0,20260801.0,resample paired sample identities after averaging the three seeds,within_architecture_bootstrap,,,,,,,,
corrected_fno,64,16,128,32,joint_rel_l2,0.0355743704443,0.0354266060975,0.0357378112253,75.0,10000.0,20260801.0,resample paired sample identities after averaging the three seeds,within_architecture_bootstrap,,,,,,,,
corrected_fno,64,16,128,32,ux_rel_l2,0.113024134453,0.111967749002,0.114097104553,75.0,10000.0,20260801.0,resample paired sample identities after averaging the three seeds,within_architecture_bootstrap,,,,,,,,
corrected_fno,64,16,128,32,uy_rel_l2,0.0282723113774,0.0281006456214,0.0284680869685,75.0,10000.0,20260801.0,resample paired sample identities after averaging the three seeds,within_architecture_bootstrap,,,,,,,,
corrected_fno,64,16,128,32,vector_h1_seminorm_rel,2.17218373883,2.16477080608,2.17999422513,75.0,10000.0,20260801.0,resample paired sample identities after averaging the three seeds,within_architecture_bootstrap,,,,,,,,
corrected_fno,64,16,128,32,deformation_gradient_rel,0.55222693905,0.544107995283,0.560572806329,75.0,10000.0,20260801.0,resample paired sample identities after averaging the three seeds,within_architecture_bootstrap,,,,,,,,
corrected_fno,64,16,128,32,strain_energy_density_rel,,,,0.0,10000.0,20260801.0,resample paired sample identities after averaging the three seeds,within_architecture_bootstrap,,,,,,,,
corrected_fno,64,16,128,32,sampled_total_potential_rel,,,,0.0,10000.0,20260801.0,resample paired sample identities after averaging the three seeds,within_architecture_bootstrap,,,,,,,,
corrected_fno,64,16,128,32,min_det_f,-3.80292728851,-3.89880951439,-3.70452154404,75.0,10000.0,20260801.0,resample paired sample identities after averaging the three seeds,within_architecture_bootstrap,,,,,,,,
corrected_fno,64,16,128,32,nonpositive_j_fraction,0.0225146050292,0.0222075466373,0.0228318234414,75.0,10000.0,20260801.0,resample paired sample identities after averaging the three seeds,within_architecture_bootstrap,,,,,,,,
corrected_fno,64,16,200,50,joint_rel_l2,0.0471719501126,0.0468744922305,0.0475125332412,75.0,10000.0,20260801.0,resample paired sample identities after averaging the three seeds,within_architecture_bootstrap,,,,,,,,
corrected_fno,64,16,200,50,ux_rel_l2,0.131152337463,0.130143723903,0.132186153614,75.0,10000.0,20260801.0,resample paired sample identities after averaging the three seeds,within_architecture_bootstrap,,,,,,,,
corrected_fno,64,16,200,50,uy_rel_l2,0.0402676510826,0.0398989180742,0.0406840670754,75.0,10000.0,20260801.0,resample paired sample identities after averaging the three seeds,within_architecture_bootstrap,,,,,,,,
corrected_fno,64,16,200,50,vector_h1_seminorm_rel,3.38597367202,3.36245965594,3.41120549002,75.0,10000.0,20260801.0,resample paired sample identities after averaging the three seeds,within_architecture_bootstrap,,,,,,,,
corrected_fno,64,16,200,50,deformation_gradient_rel,0.86212546328,0.84470740838,0.880157479572,75.0,10000.0,20260801.0,resample paired sample identities after averaging the three seeds,within_architecture_bootstrap,,,,,,,,
corrected_fno,64,16,200,50,strain_energy_density_rel,,,,0.0,10000.0,20260801.0,resample paired sample identities after averaging the three seeds,within_architecture_bootstrap,,,,,,,,
corrected_fno,64,16,200,50,sampled_total_potential_rel,,,,0.0,10000.0,20260801.0,resample paired sample identities after averaging the three seeds,within_architecture_bootstrap,,,,,,,,
corrected_fno,64,16,200,50,min_det_f,-9.45314466604,-10.0975547453,-8.85274780164,75.0,10000.0,20260801.0,resample paired sample identities after averaging the three seeds,within_architecture_bootstrap,,,,,,,,
corrected_fno,64,16,200,50,nonpositive_j_fraction,0.0283667771966,0.0279278478561,0.0287970578516,75.0,10000.0,20260801.0,resample paired sample identities after averaging the three seeds,within_architecture_bootstrap,,,,,,,,
corrected_fno,128,32,64,16,joint_rel_l2,0.0137359851029,0.0136783627406,0.0138048268694,75.0,10000.0,20260801.0,resample paired sample identities after averaging the three seeds,within_architecture_bootstrap,,,,,,,,
corrected_fno,128,32,64,16,ux_rel_l2,0.0345939800363,0.034310246939,0.0349242394724,75.0,10000.0,20260801.0,resample paired sample identities after averaging the three seeds,within_architecture_bootstrap,,,,,,,,
corrected_fno,128,32,64,16,uy_rel_l2,0.0121650021798,0.0121113433725,0.0122268424125,75.0,10000.0,20260801.0,resample paired sample identities after averaging the three seeds,within_architecture_bootstrap,,,,,,,,
corrected_fno,128,32,64,16,vector_h1_seminorm_rel,0.38749638654,0.386455663884,0.388691211073,75.0,10000.0,20260801.0,resample paired sample identities after averaging the three seeds,within_architecture_bootstrap,,,,,,,,
corrected_fno,128,32,64,16,deformation_gradient_rel,0.0984603593064,0.0972209462654,0.0997637384108,75.0,10000.0,20260801.0,resample paired sample identities after averaging the three seeds,within_architecture_bootstrap,,,,,,,,
corrected_fno,128,32,64,16,strain_energy_density_rel,49.8938562268,49.5777730739,50.2376443297,75.0,10000.0,20260801.0,resample paired sample identities after averaging the three seeds,within_architecture_bootstrap,,,,,,,,
corrected_fno,128,32,64,16,sampled_total_potential_rel,18.9668610898,18.8625155643,19.0868535353,75.0,10000.0,20260801.0,resample paired sample identities after averaging the three seeds,within_architecture_bootstrap,,,,,,,,
corrected_fno,128,32,64,16,min_det_f,0.575138363328,0.572781943711,0.577610034476,75.0,10000.0,20260801.0,resample paired sample identities after averaging the three seeds,within_architecture_bootstrap,,,,,,,,
corrected_fno,128,32,64,16,nonpositive_j_fraction,0.0,0.0,0.0,75.0,10000.0,20260801.0,resample paired sample identities after averaging the three seeds,within_architecture_bootstrap,,,,,,,,
corrected_fno,128,32,128,32,joint_rel_l2,0.00258154309,0.00248749652982,0.00270316660753,75.0,10000.0,20260801.0,resample paired sample identities after averaging the three seeds,within_architecture_bootstrap,,,,,,,,
corrected_fno,128,32,128,32,ux_rel_l2,0.00556519497335,0.00541648373352,0.00574949350424,75.0,10000.0,20260801.0,resample paired sample identities after averaging the three seeds,within_architecture_bootstrap,,,,,,,,
corrected_fno,128,32,128,32,uy_rel_l2,0.00238124466182,0.00228763713291,0.00249979464389,75.0,10000.0,20260801.0,resample paired sample identities after averaging the three seeds,within_architecture_bootstrap,,,,,,,,
corrected_fno,128,32,128,32,vector_h1_seminorm_rel,0.135320478375,0.13093412289,0.14068811288,75.0,10000.0,20260801.0,resample paired sample identities after averaging the three seeds,within_architecture_bootstrap,,,,,,,,
corrected_fno,128,32,128,32,deformation_gradient_rel,0.03435846385,0.0332073102588,0.0357050626775,75.0,10000.0,20260801.0,resample paired sample identities after averaging the three seeds,within_architecture_bootstrap,,,,,,,,
corrected_fno,128,32,128,32,strain_energy_density_rel,2.40679373674,2.22598231598,2.67066381469,75.0,10000.0,20260801.0,resample paired sample identities after averaging the three seeds,within_architecture_bootstrap,,,,,,,,
corrected_fno,128,32,128,32,sampled_total_potential_rel,1.7866946264,1.63948164312,1.98561168307,75.0,10000.0,20260801.0,resample paired sample identities after averaging the three seeds,within_architecture_bootstrap,,,,,,,,
corrected_fno,128,32,128,32,min_det_f,0.839889894706,0.834482632671,0.844481277068,75.0,10000.0,20260801.0,resample paired sample identities after averaging the three seeds,within_architecture_bootstrap,,,,,,,,
corrected_fno,128,32,128,32,nonpositive_j_fraction,0.0,0.0,0.0,75.0,10000.0,20260801.0,resample paired sample identities after averaging the three seeds,within_architecture_bootstrap,,,,,,,,
corrected_fno,128,32,200,50,joint_rel_l2,0.0134544978111,0.0134037155453,0.0135144195688,75.0,10000.0,20260801.0,resample paired sample identities after averaging the three seeds,within_architecture_bootstrap,,,,,,,,
corrected_fno,128,32,200,50,ux_rel_l2,0.0466673181735,0.0463721338048,0.0469955894045,75.0,10000.0,20260801.0,resample paired sample identities after averaging the three seeds,within_architecture_bootstrap,,,,,,,,
corrected_fno,128,32,200,50,uy_rel_l2,0.0100826846558,0.0100264532316,0.0101464139935,75.0,10000.0,20260801.0,resample paired sample identities after averaging the three seeds,within_architecture_bootstrap,,,,,,,,
corrected_fno,128,32,200,50,vector_h1_seminorm_rel,1.42321967468,1.41971449823,1.42713713146,75.0,10000.0,20260801.0,resample paired sample identities after averaging the three seeds,within_architecture_bootstrap,,,,,,,,
corrected_fno,128,32,200,50,deformation_gradient_rel,0.361861202268,0.356607249836,0.367514422648,75.0,10000.0,20260801.0,resample paired sample identities after averaging the three seeds,within_architecture_bootstrap,,,,,,,,
corrected_fno,128,32,200,50,strain_energy_density_rel,,,,0.0,10000.0,20260801.0,resample paired sample identities after averaging the three seeds,within_architecture_bootstrap,,,,,,,,
corrected_fno,128,32,200,50,sampled_total_potential_rel,,,,0.0,10000.0,20260801.0,resample paired sample identities after averaging the three seeds,within_architecture_bootstrap,,,,,,,,
corrected_fno,128,32,200,50,min_det_f,-3.5614640724,-3.60365034147,-3.52018822588,75.0,10000.0,20260801.0,resample paired sample identities after averaging the three seeds,within_architecture_bootstrap,,,,,,,,
corrected_fno,128,32,200,50,nonpositive_j_fraction,0.0125033329915,0.0122512676762,0.0127658701672,75.0,10000.0,20260801.0,resample paired sample identities after averaging the three seeds,within_architecture_bootstrap,,,,,,,,
resnet,64,16,64,16,joint_rel_l2,0.00521442508733,0.00474524767936,0.00582501182,75.0,10000.0,20260801.0,resample paired sample identities after averaging the three seeds,within_architecture_bootstrap,,,,,,,,
resnet,64,16,64,16,ux_rel_l2,0.00871171833296,0.00816666737458,0.00935457869286,75.0,10000.0,20260801.0,resample paired sample identities after averaging the three seeds,within_architecture_bootstrap,,,,,,,,
resnet,64,16,64,16,uy_rel_l2,0.0050116835234,0.00452683652406,0.00562203065419,75.0,10000.0,20260801.0,resample paired sample identities after averaging the three seeds,within_architecture_bootstrap,,,,,,,,
resnet,64,16,64,16,vector_h1_seminorm_rel,0.0821438726966,0.0755687515723,0.0898455087593,75.0,10000.0,20260801.0,resample paired sample identities after averaging the three seeds,within_architecture_bootstrap,,,,,,,,
resnet,64,16,64,16,deformation_gradient_rel,0.0208501553534,0.0191745814058,0.022842114727,75.0,10000.0,20260801.0,resample paired sample identities after averaging the three seeds,within_architecture_bootstrap,,,,,,,,
resnet,64,16,64,16,strain_energy_density_rel,1.79145317398,1.2260425931,2.47206691321,75.0,10000.0,20260801.0,resample paired sample identities after averaging the three seeds,within_architecture_bootstrap,,,,,,,,
resnet,64,16,64,16,sampled_total_potential_rel,0.909094592124,0.712509363985,1.14583586746,75.0,10000.0,20260801.0,resample paired sample identities after averaging the three seeds,within_architecture_bootstrap,,,,,,,,
resnet,64,16,64,16,min_det_f,0.846509912906,0.825485690781,0.862628730392,75.0,10000.0,20260801.0,resample paired sample identities after averaging the three seeds,within_architecture_bootstrap,,,,,,,,
resnet,64,16,64,16,nonpositive_j_fraction,0.0,0.0,0.0,75.0,10000.0,20260801.0,resample paired sample identities after averaging the three seeds,within_architecture_bootstrap,,,,,,,,
resnet,64,16,128,32,joint_rel_l2,0.355385665405,0.347981565276,0.363854910788,75.0,10000.0,20260801.0,resample paired sample identities after averaging the three seeds,within_architecture_bootstrap,,,,,,,,
resnet,64,16,128,32,ux_rel_l2,0.34175466569,0.331677786499,0.352893569301,75.0,10000.0,20260801.0,resample paired sample identities after averaging the three seeds,within_architecture_bootstrap,,,,,,,,
resnet,64,16,128,32,uy_rel_l2,0.355803485052,0.348728563448,0.364269348548,75.0,10000.0,20260801.0,resample paired sample identities after averaging the three seeds,within_architecture_bootstrap,,,,,,,,
resnet,64,16,128,32,vector_h1_seminorm_rel,1.93184623678,1.85361796449,2.0212760876,75.0,10000.0,20260801.0,resample paired sample identities after averaging the three seeds,within_architecture_bootstrap,,,,,,,,
resnet,64,16,128,32,deformation_gradient_rel,0.493522320765,0.469184510379,0.521602526523,75.0,10000.0,20260801.0,resample paired sample identities after averaging the three seeds,within_architecture_bootstrap,,,,,,,,
resnet,64,16,128,32,strain_energy_density_rel,,,,0.0,10000.0,20260801.0,resample paired sample identities after averaging the three seeds,within_architecture_bootstrap,,,,,,,,
resnet,64,16,128,32,sampled_total_potential_rel,,,,0.0,10000.0,20260801.0,resample paired sample identities after averaging the three seeds,within_architecture_bootstrap,,,,,,,,
resnet,64,16,128,32,min_det_f,-3.13878731667,-3.66534537741,-2.65040695955,75.0,10000.0,20260801.0,resample paired sample identities after averaging the three seeds,within_architecture_bootstrap,,,,,,,,
resnet,64,16,128,32,nonpositive_j_fraction,0.0311652978862,0.0255884909548,0.0369904608698,75.0,10000.0,20260801.0,resample paired sample identities after averaging the three seeds,within_architecture_bootstrap,,,,,,,,
resnet,64,16,200,50,joint_rel_l2,0.517666627092,0.508443399776,0.527592080747,75.0,10000.0,20260801.0,resample paired sample identities after averaging the three seeds,within_architecture_bootstrap,,,,,,,,
resnet,64,16,200,50,ux_rel_l2,0.54496977998,0.520542534025,0.571759223661,75.0,10000.0,20260801.0,resample paired sample identities after averaging the three seeds,within_architecture_bootstrap,,,,,,,,
resnet,64,16,200,50,uy_rel_l2,0.516006356171,0.50692087192,0.525413777187,75.0,10000.0,20260801.0,resample paired sample identities after averaging the three seeds,within_architecture_bootstrap,,,,,,,,
resnet,64,16,200,50,vector_h1_seminorm_rel,3.48233315203,3.35614908487,3.61953960415,75.0,10000.0,20260801.0,resample paired sample identities after averaging the three seeds,within_architecture_bootstrap,,,,,,,,
resnet,64,16,200,50,deformation_gradient_rel,0.886251713883,0.850931503629,0.925857917349,75.0,10000.0,20260801.0,resample paired sample identities after averaging the three seeds,within_architecture_bootstrap,,,,,,,,
resnet,64,16,200,50,strain_energy_density_rel,,,,0.0,10000.0,20260801.0,resample paired sample identities after averaging the three seeds,within_architecture_bootstrap,,,,,,,,
resnet,64,16,200,50,sampled_total_potential_rel,,,,0.0,10000.0,20260801.0,resample paired sample identities after averaging the three seeds,within_architecture_bootstrap,,,,,,,,
resnet,64,16,200,50,min_det_f,-8.64644070525,-9.4066305987,-7.89203657544,75.0,10000.0,20260801.0,resample paired sample identities after averaging the three seeds,within_architecture_bootstrap,,,,,,,,
resnet,64,16,200,50,nonpositive_j_fraction,0.100331589922,0.094640276211,0.106292596771,75.0,10000.0,20260801.0,resample paired sample identities after averaging the three seeds,within_architecture_bootstrap,,,,,,,,
resnet,128,32,64,16,joint_rel_l2,0.137602076653,0.135788288506,0.139749596287,75.0,10000.0,20260801.0,resample paired sample identities after averaging the three seeds,within_architecture_bootstrap,,,,,,,,
resnet,128,32,64,16,ux_rel_l2,0.160663736682,0.159505638507,0.16207643222,75.0,10000.0,20260801.0,resample paired sample identities after averaging the three seeds,within_architecture_bootstrap,,,,,,,,
resnet,128,32,64,16,uy_rel_l2,0.136516487291,0.134684129872,0.138699193517,75.0,10000.0,20260801.0,resample paired sample identities after averaging the three seeds,within_architecture_bootstrap,,,,,,,,
resnet,128,32,64,16,vector_h1_seminorm_rel,0.733136776826,0.727654240562,0.739837753257,75.0,10000.0,20260801.0,resample paired sample identities after averaging the three seeds,within_architecture_bootstrap,,,,,,,,
resnet,128,32,64,16,deformation_gradient_rel,0.1861805218,0.183862525757,0.188855249442,75.0,10000.0,20260801.0,resample paired sample identities after averaging the three seeds,within_architecture_bootstrap,,,,,,,,
resnet,128,32,64,16,strain_energy_density_rel,72.1692196234,70.9107862113,73.9621229826,70.0,10000.0,20260801.0,resample paired sample identities after averaging the three seeds,within_architecture_bootstrap,,,,,,,,
resnet,128,32,64,16,sampled_total_potential_rel,64.2898847308,63.2670327814,65.6767928095,70.0,10000.0,20260801.0,resample paired sample identities after averaging the three seeds,within_architecture_bootstrap,,,,,,,,
resnet,128,32,64,16,min_det_f,0.327988533216,0.313734218116,0.341278894732,75.0,10000.0,20260801.0,resample paired sample identities after averaging the three seeds,within_architecture_bootstrap,,,,,,,,
resnet,128,32,64,16,nonpositive_j_fraction,2.35155790711e-05,4.70311581423e-06,4.2328042328e-05,75.0,10000.0,20260801.0,resample paired sample identities after averaging the three seeds,within_architecture_bootstrap,,,,,,,,
resnet,128,32,128,32,joint_rel_l2,0.00822308959708,0.00762261737472,0.00897545175307,75.0,10000.0,20260801.0,resample paired sample identities after averaging the three seeds,within_architecture_bootstrap,,,,,,,,
resnet,128,32,128,32,ux_rel_l2,0.0112542719787,0.0103568555546,0.0123978367715,75.0,10000.0,20260801.0,resample paired sample identities after averaging the three seeds,within_architecture_bootstrap,,,,,,,,
resnet,128,32,128,32,uy_rel_l2,0.00807012333941,0.0074825237176,0.00884550809631,75.0,10000.0,20260801.0,resample paired sample identities after averaging the three seeds,within_architecture_bootstrap,,,,,,,,
resnet,128,32,128,32,vector_h1_seminorm_rel,0.190833401931,0.181792671569,0.201984455171,75.0,10000.0,20260801.0,resample paired sample identities after averaging the three seeds,within_architecture_bootstrap,,,,,,,,
resnet,128,32,128,32,deformation_gradient_rel,0.0484641657086,0.0460408535031,0.0512886085101,75.0,10000.0,20260801.0,resample paired sample identities after averaging the three seeds,within_architecture_bootstrap,,,,,,,,
resnet,128,32,128,32,strain_energy_density_rel,9.12057112683,7.85004462063,10.7876039387,64.0,10000.0,20260801.0,resample paired sample identities after averaging the three seeds,within_architecture_bootstrap,,,,,,,,
resnet,128,32,128,32,sampled_total_potential_rel,3.46825726781,3.22292590043,3.82690412051,64.0,10000.0,20260801.0,resample paired sample identities after averaging the three seeds,within_architecture_bootstrap,,,,,,,,
resnet,128,32,128,32,min_det_f,0.439132212817,0.359120166836,0.506821901788,75.0,10000.0,20260801.0,resample paired sample identities after averaging the three seeds,within_architecture_bootstrap,,,,,,,,
resnet,128,32,128,32,nonpositive_j_fraction,4.06400812802e-05,1.35466937601e-05,7.5635706827e-05,75.0,10000.0,20260801.0,resample paired sample identities after averaging the three seeds,within_architecture_bootstrap,,,,,,,,
resnet,128,32,200,50,joint_rel_l2,0.210018964434,0.209629719932,0.210472671717,75.0,10000.0,20260801.0,resample paired sample identities after averaging the three seeds,within_architecture_bootstrap,,,,,,,,
resnet,128,32,200,50,ux_rel_l2,0.246891634638,0.244528969797,0.249677780161,75.0,10000.0,20260801.0,resample paired sample identities after averaging the three seeds,within_architecture_bootstrap,,,,,,,,
resnet,128,32,200,50,uy_rel_l2,0.208410901349,0.208037710595,0.208827681636,75.0,10000.0,20260801.0,resample paired sample identities after averaging the three seeds,within_architecture_bootstrap,,,,,,,,
resnet,128,32,200,50,vector_h1_seminorm_rel,1.05199346314,1.04132266952,1.06443520315,75.0,10000.0,20260801.0,resample paired sample identities after averaging the three seeds,within_architecture_bootstrap,,,,,,,,
resnet,128,32,200,50,deformation_gradient_rel,0.266892754012,0.264301513178,0.270087052346,75.0,10000.0,20260801.0,resample paired sample identities after averaging the three seeds,within_architecture_bootstrap,,,,,,,,
resnet,128,32,200,50,strain_energy_density_rel,,,,0.0,10000.0,20260801.0,resample paired sample identities after averaging the three seeds,within_architecture_bootstrap,,,,,,,,
resnet,128,32,200,50,sampled_total_potential_rel,,,,0.0,10000.0,20260801.0,resample paired sample identities after averaging the three seeds,within_architecture_bootstrap,,,,,,,,
resnet,128,32,200,50,min_det_f,-0.363035512616,-0.597448084698,-0.166099950125,75.0,10000.0,20260801.0,resample paired sample identities after averaging the three seeds,within_architecture_bootstrap,,,,,,,,
resnet,128,32,200,50,nonpositive_j_fraction,0.00115361387436,0.000846397520482,0.00148816645586,75.0,10000.0,20260801.0,resample paired sample identities after averaging the three seeds,within_architecture_bootstrap,,,,,,,,
unet,64,16,64,16,joint_rel_l2,0.00664560754041,0.00629634074108,0.00701822171017,75.0,10000.0,20260801.0,resample paired sample identities after averaging the three seeds,within_architecture_bootstrap,,,,,,,,
unet,64,16,64,16,ux_rel_l2,0.00973271204329,0.00921682441556,0.0102989020784,75.0,10000.0,20260801.0,resample paired sample identities after averaging the three seeds,within_architecture_bootstrap,,,,,,,,
unet,64,16,64,16,uy_rel_l2,0.00648805150102,0.00615129185676,0.00686205576096,75.0,10000.0,20260801.0,resample paired sample identities after averaging the three seeds,within_architecture_bootstrap,,,,,,,,
unet,64,16,64,16,vector_h1_seminorm_rel,0.131281530807,0.126585383489,0.136581435843,75.0,10000.0,20260801.0,resample paired sample identities after averaging the three seeds,within_architecture_bootstrap,,,,,,,,
unet,64,16,64,16,deformation_gradient_rel,0.0333068740167,0.0320969003096,0.0346224933852,75.0,10000.0,20260801.0,resample paired sample identities after averaging the three seeds,within_architecture_bootstrap,,,,,,,,
unet,64,16,64,16,strain_energy_density_rel,1.94268032133,1.7754155586,2.14359313751,75.0,10000.0,20260801.0,resample paired sample identities after averaging the three seeds,within_architecture_bootstrap,,,,,,,,
unet,64,16,64,16,sampled_total_potential_rel,1.97389088019,1.8199937184,2.15619433833,75.0,10000.0,20260801.0,resample paired sample identities after averaging the three seeds,within_architecture_bootstrap,,,,,,,,
unet,64,16,64,16,min_det_f,0.865627848395,0.860939114315,0.870013169127,75.0,10000.0,20260801.0,resample paired sample identities after averaging the three seeds,within_architecture_bootstrap,,,,,,,,
unet,64,16,64,16,nonpositive_j_fraction,0.0,0.0,0.0,75.0,10000.0,20260801.0,resample paired sample identities after averaging the three seeds,within_architecture_bootstrap,,,,,,,,
unet,64,16,128,32,joint_rel_l2,0.56724404914,0.565584757631,0.569053968928,75.0,10000.0,20260801.0,resample paired sample identities after averaging the three seeds,within_architecture_bootstrap,,,,,,,,
unet,64,16,128,32,ux_rel_l2,0.546356735237,0.541500701649,0.551371218971,75.0,10000.0,20260801.0,resample paired sample identities after averaging the three seeds,within_architecture_bootstrap,,,,,,,,
unet,64,16,128,32,uy_rel_l2,0.567538898035,0.565819370073,0.569455559314,75.0,10000.0,20260801.0,resample paired sample identities after averaging the three seeds,within_architecture_bootstrap,,,,,,,,
unet,64,16,128,32,vector_h1_seminorm_rel,2.37781028755,2.36641750503,2.39006816219,75.0,10000.0,20260801.0,resample paired sample identities after averaging the three seeds,within_architecture_bootstrap,,,,,,,,
unet,64,16,128,32,deformation_gradient_rel,0.603886616457,0.597372496588,0.611016392455,75.0,10000.0,20260801.0,resample paired sample identities after averaging the three seeds,within_architecture_bootstrap,,,,,,,,
unet,64,16,128,32,strain_energy_density_rel,,,,0.0,10000.0,20260801.0,resample paired sample identities after averaging the three seeds,within_architecture_bootstrap,,,,,,,,
unet,64,16,128,32,sampled_total_potential_rel,,,,0.0,10000.0,20260801.0,resample paired sample identities after averaging the three seeds,within_architecture_bootstrap,,,,,,,,
unet,64,16,128,32,min_det_f,-1.95142575022,-1.99069986567,-1.91338590573,75.0,10000.0,20260801.0,resample paired sample identities after averaging the three seeds,within_architecture_bootstrap,,,,,,,,
unet,64,16,128,32,nonpositive_j_fraction,0.0305534388847,0.0296627437699,0.0315785284904,75.0,10000.0,20260801.0,resample paired sample identities after averaging the three seeds,within_architecture_bootstrap,,,,,,,,
unet,64,16,200,50,joint_rel_l2,0.877903701297,0.875871936239,0.880042813635,75.0,10000.0,20260801.0,resample paired sample identities after averaging the three seeds,within_architecture_bootstrap,,,,,,,,
unet,64,16,200,50,ux_rel_l2,1.01242169434,0.999582521306,1.02516753157,75.0,10000.0,20260801.0,resample paired sample identities after averaging the three seeds,within_architecture_bootstrap,,,,,,,,
unet,64,16,200,50,uy_rel_l2,0.868738254715,0.866796529967,0.870807799009,75.0,10000.0,20260801.0,resample paired sample identities after averaging the three seeds,within_architecture_bootstrap,,,,,,,,
unet,64,16,200,50,vector_h1_seminorm_rel,4.08958830706,4.06704582232,4.11320241209,75.0,10000.0,20260801.0,resample paired sample identities after averaging the three seeds,within_architecture_bootstrap,,,,,,,,
unet,64,16,200,50,deformation_gradient_rel,1.03825379825,1.02820163937,1.04828032076,75.0,10000.0,20260801.0,resample paired sample identities after averaging the three seeds,within_architecture_bootstrap,,,,,,,,
unet,64,16,200,50,strain_energy_density_rel,,,,0.0,10000.0,20260801.0,resample paired sample identities after averaging the three seeds,within_architecture_bootstrap,,,,,,,,
unet,64,16,200,50,sampled_total_potential_rel,,,,0.0,10000.0,20260801.0,resample paired sample identities after averaging the three seeds,within_architecture_bootstrap,,,,,,,,
unet,64,16,200,50,min_det_f,-2.20037985269,-2.31177942582,-2.09308022364,75.0,10000.0,20260801.0,resample paired sample identities after averaging the three seeds,within_architecture_bootstrap,,,,,,,,
unet,64,16,200,50,nonpositive_j_fraction,0.100929591267,0.0974554974419,0.104647090327,75.0,10000.0,20260801.0,resample paired sample identities after averaging the three seeds,within_architecture_bootstrap,,,,,,,,
unet,128,32,64,16,joint_rel_l2,0.501045286861,0.498560301355,0.503854950059,75.0,10000.0,20260801.0,resample paired sample identities after averaging the three seeds,within_architecture_bootstrap,,,,,,,,
unet,128,32,64,16,ux_rel_l2,0.480234797096,0.477851453769,0.48283527365,75.0,10000.0,20260801.0,resample paired sample identities after averaging the three seeds,within_architecture_bootstrap,,,,,,,,
unet,128,32,64,16,uy_rel_l2,0.500881606225,0.498247968699,0.503808198767,75.0,10000.0,20260801.0,resample paired sample identities after averaging the three seeds,within_architecture_bootstrap,,,,,,,,
unet,128,32,64,16,vector_h1_seminorm_rel,1.51274206047,1.50400543827,1.52170197131,75.0,10000.0,20260801.0,resample paired sample identities after averaging the three seeds,within_architecture_bootstrap,,,,,,,,
unet,128,32,64,16,deformation_gradient_rel,0.38391844492,0.380765729209,0.387022869513,75.0,10000.0,20260801.0,resample paired sample identities after averaging the three seeds,within_architecture_bootstrap,,,,,,,,
unet,128,32,64,16,strain_energy_density_rel,,,,0.0,10000.0,20260801.0,resample paired sample identities after averaging the three seeds,within_architecture_bootstrap,,,,,,,,
unet,128,32,64,16,sampled_total_potential_rel,,,,0.0,10000.0,20260801.0,resample paired sample identities after averaging the three seeds,within_architecture_bootstrap,,,,,,,,
unet,128,32,64,16,min_det_f,-0.241143122128,-0.253944829238,-0.228582326229,75.0,10000.0,20260801.0,resample paired sample identities after averaging the three seeds,within_architecture_bootstrap,,,,,,,,
unet,128,32,64,16,nonpositive_j_fraction,0.0178624338624,0.0174955908289,0.0182245737801,75.0,10000.0,20260801.0,resample paired sample identities after averaging the three seeds,within_architecture_bootstrap,,,,,,,,
unet,128,32,128,32,joint_rel_l2,0.00992670916851,0.00950277991283,0.0103961405407,75.0,10000.0,20260801.0,resample paired sample identities after averaging the three seeds,within_architecture_bootstrap,,,,,,,,
unet,128,32,128,32,ux_rel_l2,0.0157464273646,0.0150074214021,0.0165629551006,75.0,10000.0,20260801.0,resample paired sample identities after averaging the three seeds,within_architecture_bootstrap,,,,,,,,
unet,128,32,128,32,uy_rel_l2,0.00961099754274,0.00919906779348,0.0100648017311,75.0,10000.0,20260801.0,resample paired sample identities after averaging the three seeds,within_architecture_bootstrap,,,,,,,,
unet,128,32,128,32,vector_h1_seminorm_rel,0.41038328871,0.40286780388,0.419156621152,75.0,10000.0,20260801.0,resample paired sample identities after averaging the three seeds,within_architecture_bootstrap,,,,,,,,
unet,128,32,128,32,deformation_gradient_rel,0.104142489458,0.102136420724,0.106322013142,75.0,10000.0,20260801.0,resample paired sample identities after averaging the three seeds,within_architecture_bootstrap,,,,,,,,
unet,128,32,128,32,strain_energy_density_rel,27.2363838958,26.3334367074,28.2377212832,64.0,10000.0,20260801.0,resample paired sample identities after averaging the three seeds,within_architecture_bootstrap,,,,,,,,
unet,128,32,128,32,sampled_total_potential_rel,18.1527864458,17.545239811,18.8503208606,64.0,10000.0,20260801.0,resample paired sample identities after averaging the three seeds,within_architecture_bootstrap,,,,,,,,
unet,128,32,128,32,min_det_f,0.290929241776,0.271023355701,0.309845573798,75.0,10000.0,20260801.0,resample paired sample identities after averaging the three seeds,within_architecture_bootstrap,,,,,,,,
unet,128,32,128,32,nonpositive_j_fraction,1.24178026134e-05,5.64445573336e-06,1.91911494934e-05,75.0,10000.0,20260801.0,resample paired sample identities after averaging the three seeds,within_architecture_bootstrap,,,,,,,,
unet,128,32,200,50,joint_rel_l2,0.426628056816,0.425600228226,0.427743176369,75.0,10000.0,20260801.0,resample paired sample identities after averaging the three seeds,within_architecture_bootstrap,,,,,,,,
unet,128,32,200,50,ux_rel_l2,0.594743762366,0.585967258187,0.603243687546,75.0,10000.0,20260801.0,resample paired sample identities after averaging the three seeds,within_architecture_bootstrap,,,,,,,,
unet,128,32,200,50,uy_rel_l2,0.416610773669,0.415940100784,0.417315057588,75.0,10000.0,20260801.0,resample paired sample identities after averaging the three seeds,within_architecture_bootstrap,,,,,,,,
unet,128,32,200,50,vector_h1_seminorm_rel,1.97686172021,1.96166373878,1.99414266832,75.0,10000.0,20260801.0,resample paired sample identities after averaging the three seeds,within_architecture_bootstrap,,,,,,,,
unet,128,32,200,50,deformation_gradient_rel,0.50161594819,0.497314286362,0.506017968865,75.0,10000.0,20260801.0,resample paired sample identities after averaging the three seeds,within_architecture_bootstrap,,,,,,,,
unet,128,32,200,50,strain_energy_density_rel,,,,0.0,10000.0,20260801.0,resample paired sample identities after averaging the three seeds,within_architecture_bootstrap,,,,,,,,
unet,128,32,200,50,sampled_total_potential_rel,,,,0.0,10000.0,20260801.0,resample paired sample identities after averaging the three seeds,within_architecture_bootstrap,,,,,,,,
unet,128,32,200,50,min_det_f,-0.437869838224,-0.455501291228,-0.42112478985,75.0,10000.0,20260801.0,resample paired sample identities after averaging the three seeds,within_architecture_bootstrap,,,,,,,,
unet,128,32,200,50,nonpositive_j_fraction,0.0059558563794,0.0054093369341,0.00652743308379,75.0,10000.0,20260801.0,resample paired sample identities after averaging the three seeds,within_architecture_bootstrap,,,,,,,,
,64,16,64,16,joint_rel_l2,,-0.0057587860214,-0.0051903253364,75.0,10000.0,,,paired_architecture_difference_bootstrap,corrected_fno,unet,first minus second; lower error is better except min_det_f,-0.00546628965259,,,,
,64,16,64,16,ux_rel_l2,,-0.00808615412386,-0.00723940464315,75.0,10000.0,,,paired_architecture_difference_bootstrap,corrected_fno,unet,first minus second; lower error is better except min_det_f,-0.0076550781615,,,,
,64,16,64,16,uy_rel_l2,,-0.00566315614602,-0.00510194693268,75.0,10000.0,,,paired_architecture_difference_bootstrap,corrected_fno,unet,first minus second; lower error is better except min_det_f,-0.0053663376752,,,,
,64,16,64,16,vector_h1_seminorm_rel,,-0.115689956731,-0.10926171193,75.0,10000.0,,,paired_architecture_difference_bootstrap,corrected_fno,unet,first minus second; lower error is better except min_det_f,-0.112364476089,,,,
,64,16,64,16,deformation_gradient_rel,,-0.029440790584,-0.0276901750462,75.0,10000.0,,,paired_architecture_difference_bootstrap,corrected_fno,unet,first minus second; lower error is better except min_det_f,-0.028533093275,,,,
,64,16,64,16,strain_energy_density_rel,,-2.01501620603,-1.70035759673,75.0,10000.0,,,paired_architecture_difference_bootstrap,corrected_fno,unet,first minus second; lower error is better except min_det_f,-1.84474313763,,,,
,64,16,64,16,sampled_total_potential_rel,,-2.10056708719,-1.78982620343,75.0,10000.0,,,paired_architecture_difference_bootstrap,corrected_fno,unet,first minus second; lower error is better except min_det_f,-1.93453520742,,,,
,64,16,64,16,min_det_f,,0.0497750890595,0.0574883314562,75.0,10000.0,,,paired_architecture_difference_bootstrap,corrected_fno,unet,first minus second; lower error is better except min_det_f,0.0534379202496,,,,
,64,16,64,16,nonpositive_j_fraction,,0.0,0.0,75.0,10000.0,,,paired_architecture_difference_bootstrap,corrected_fno,unet,first minus second; lower error is better except min_det_f,0.0,,,,
,64,16,64,16,joint_rel_l2,,-0.00453877869311,-0.00362811541903,75.0,10000.0,,,paired_architecture_difference_bootstrap,corrected_fno,resnet,first minus second; lower error is better except min_det_f,-0.0040351071995,,,,
,64,16,64,16,ux_rel_l2,,-0.00717492764385,-0.00614827161291,75.0,10000.0,,,paired_architecture_difference_bootstrap,corrected_fno,resnet,first minus second; lower error is better except min_det_f,-0.00663408445117,,,,
,64,16,64,16,uy_rel_l2,,-0.00438854985225,-0.00348741739694,75.0,10000.0,,,paired_architecture_difference_bootstrap,corrected_fno,resnet,first minus second; lower error is better except min_det_f,-0.00388996969758,,,,
,64,16,64,16,vector_h1_seminorm_rel,,-0.069032475797,-0.0582450439124,75.0,10000.0,,,paired_architecture_difference_bootstrap,corrected_fno,resnet,first minus second; lower error is better except min_det_f,-0.0632268179782,,,,
,64,16,64,16,deformation_gradient_rel,,-0.0175934403789,-0.0147548622959,75.0,10000.0,,,paired_architecture_difference_bootstrap,corrected_fno,resnet,first minus second; lower error is better except min_det_f,-0.0160763746117,,,,
,64,16,64,16,strain_energy_density_rel,,-2.35224589601,-1.14864033408,75.0,10000.0,,,paired_architecture_difference_bootstrap,corrected_fno,resnet,first minus second; lower error is better except min_det_f,-1.69351599028,,,,
,64,16,64,16,sampled_total_potential_rel,,-1.09190961015,-0.68597196004,75.0,10000.0,,,paired_architecture_difference_bootstrap,corrected_fno,resnet,first minus second; lower error is better except min_det_f,-0.869738919358,,,,
,64,16,64,16,min_det_f,,0.0573285724392,0.0916606662137,75.0,10000.0,,,paired_architecture_difference_bootstrap,corrected_fno,resnet,first minus second; lower error is better except min_det_f,0.0725558557386,,,,
,64,16,64,16,nonpositive_j_fraction,,0.0,0.0,75.0,10000.0,,,paired_architecture_difference_bootstrap,corrected_fno,resnet,first minus second; lower error is better except min_det_f,0.0,,,,
,64,16,64,16,joint_rel_l2,,0.00103090539419,0.00178026692005,75.0,10000.0,,,paired_architecture_difference_bootstrap,unet,resnet,first minus second; lower error is better except min_det_f,0.00143118245308,,,,
,64,16,64,16,ux_rel_l2,,0.000577026013635,0.00146205475704,75.0,10000.0,,,paired_architecture_difference_bootstrap,unet,resnet,first minus second; lower error is better except min_det_f,0.00102099371032,,,,
,64,16,64,16,uy_rel_l2,,0.00107033403933,0.00182685513383,75.0,10000.0,,,paired_architecture_difference_bootstrap,unet,resnet,first minus second; lower error is better except min_det_f,0.00147636797763,,,,
,64,16,64,16,vector_h1_seminorm_rel,,0.0444901022635,0.05367386912,75.0,10000.0,,,paired_architecture_difference_bootstrap,unet,resnet,first minus second; lower error is better except min_det_f,0.0491376581108,,,,
,64,16,64,16,deformation_gradient_rel,,0.0112208064313,0.0136562994938,75.0,10000.0,,,paired_architecture_difference_bootstrap,unet,resnet,first minus second; lower error is better except min_det_f,0.0124567186633,,,,
,64,16,64,16,strain_energy_density_rel,,-0.408293509158,0.622303988588,75.0,10000.0,,,paired_architecture_difference_bootstrap,unet,resnet,first minus second; lower error is better except min_det_f,0.15122714735,,,,
,64,16,64,16,sampled_total_potential_rel,,0.924069613671,1.20117498087,75.0,10000.0,,,paired_architecture_difference_bootstrap,unet,resnet,first minus second; lower error is better except min_det_f,1.06479628807,,,,
,64,16,64,16,min_det_f,,0.00413198222733,0.0373070272014,75.0,10000.0,,,paired_architecture_difference_bootstrap,unet,resnet,first minus second; lower error is better except min_det_f,0.019117935489,,,,
,64,16,64,16,nonpositive_j_fraction,,0.0,0.0,75.0,10000.0,,,paired_architecture_difference_bootstrap,unet,resnet,first minus second; lower error is better except min_det_f,0.0,,,,
,64,16,128,32,joint_rel_l2,,-0.533476093427,-0.530004578983,75.0,10000.0,,,paired_architecture_difference_bootstrap,corrected_fno,unet,first minus second; lower error is better except min_det_f,-0.531669678695,,,,
,64,16,128,32,ux_rel_l2,,-0.438343081821,-0.428243667469,75.0,10000.0,,,paired_architecture_difference_bootstrap,corrected_fno,unet,first minus second; lower error is better except min_det_f,-0.433332600784,,,,
,64,16,128,32,uy_rel_l2,,-0.541214758416,-0.537579455044,75.0,10000.0,,,paired_architecture_difference_bootstrap,corrected_fno,unet,first minus second; lower error is better except min_det_f,-0.539266586657,,,,
,64,16,128,32,vector_h1_seminorm_rel,,-0.218522513826,-0.193078425461,75.0,10000.0,,,paired_architecture_difference_bootstrap,corrected_fno,unet,first minus second; lower error is better except min_det_f,-0.205626548712,,,,
,64,16,128,32,deformation_gradient_rel,,-0.054540827938,-0.0490084596054,75.0,10000.0,,,paired_architecture_difference_bootstrap,corrected_fno,unet,first minus second; lower error is better except min_det_f,-0.0516596774073,,,,
,64,16,128,32,strain_energy_density_rel,,,,0.0,10000.0,,,paired_architecture_difference_bootstrap,corrected_fno,unet,first minus second; lower error is better except min_det_f,,,,,
,64,16,128,32,sampled_total_potential_rel,,,,0.0,10000.0,,,paired_architecture_difference_bootstrap,corrected_fno,unet,first minus second; lower error is better except min_det_f,,,,,
,64,16,128,32,min_det_f,,-1.91389247628,-1.78757050591,75.0,10000.0,,,paired_architecture_difference_bootstrap,corrected_fno,unet,first minus second; lower error is better except min_det_f,-1.85150153829,,,,
,64,16,128,32,nonpositive_j_fraction,,-0.00880202071515,-0.00736375694974,75.0,10000.0,,,paired_architecture_difference_bootstrap,corrected_fno,unet,first minus second; lower error is better except min_det_f,-0.00803883385545,,,,
,64,16,128,32,joint_rel_l2,,-0.328277743787,-0.312550337683,75.0,10000.0,,,paired_architecture_difference_bootstrap,corrected_fno,resnet,first minus second; lower error is better except min_det_f,-0.319811294961,,,,
,64,16,128,32,ux_rel_l2,,-0.240417046381,-0.2184326799,75.0,10000.0,,,paired_architecture_difference_bootstrap,corrected_fno,resnet,first minus second; lower error is better except min_det_f,-0.228730531237,,,,
,64,16,128,32,uy_rel_l2,,-0.335677155631,-0.32046309053,75.0,10000.0,,,paired_architecture_difference_bootstrap,corrected_fno,resnet,first minus second; lower error is better except min_det_f,-0.327531173675,,,,
,64,16,128,32,vector_h1_seminorm_rel,,0.15797222243,0.313006297713,75.0,10000.0,,,paired_architecture_difference_bootstrap,corrected_fno,resnet,first minus second; lower error is better except min_det_f,0.24033750205,,,,
,64,16,128,32,deformation_gradient_rel,,0.0365985217343,0.0775274895681,75.0,10000.0,,,paired_architecture_difference_bootstrap,corrected_fno,resnet,first minus second; lower error is better except min_det_f,0.0587046182847,,,,
,64,16,128,32,strain_energy_density_rel,,,,0.0,10000.0,,,paired_architecture_difference_bootstrap,corrected_fno,resnet,first minus second; lower error is better except min_det_f,,,,,
,64,16,128,32,sampled_total_potential_rel,,,,0.0,10000.0,,,paired_architecture_difference_bootstrap,corrected_fno,resnet,first minus second; lower error is better except min_det_f,,,,,
,64,16,128,32,min_det_f,,-1.07675873633,-0.233065343733,75.0,10000.0,,,paired_architecture_difference_bootstrap,corrected_fno,resnet,first minus second; lower error is better except min_det_f,-0.664139971843,,,,
,64,16,128,32,nonpositive_j_fraction,,-0.0142918183614,-0.00320345440691,75.0,10000.0,,,paired_architecture_difference_bootstrap,corrected_fno,resnet,first minus second; lower error is better except min_det_f,-0.00865069285694,,,,
,64,16,128,32,joint_rel_l2,,0.204384468128,0.218312219425,75.0,10000.0,,,paired_architecture_difference_bootstrap,unet,resnet,first minus second; lower error is better except min_det_f,0.211858383734,,,,
,64,16,128,32,ux_rel_l2,,0.193269813401,0.214458886622,75.0,10000.0,,,paired_architecture_difference_bootstrap,unet,resnet,first minus second; lower error is better except min_det_f,0.204602069547,,,,
,64,16,128,32,uy_rel_l2,,0.204256833561,0.218104665867,75.0,10000.0,,,paired_architecture_difference_bootstrap,unet,resnet,first minus second; lower error is better except min_det_f,0.211735412982,,,,
,64,16,128,32,vector_h1_seminorm_rel,,0.360279044855,0.52286019408,75.0,10000.0,,,paired_architecture_difference_bootstrap,unet,resnet,first minus second; lower error is better except min_det_f,0.445964050762,,,,
,64,16,128,32,deformation_gradient_rel,,0.088294937416,0.130582366324,75.0,10000.0,,,paired_architecture_difference_bootstrap,unet,resnet,first minus second; lower error is better except min_det_f,0.110364295692,,,,
,64,16,128,32,strain_energy_density_rel,,,,0.0,10000.0,,,paired_architecture_difference_bootstrap,unet,resnet,first minus second; lower error is better except min_det_f,,,,,
,64,16,128,32,sampled_total_potential_rel,,,,0.0,10000.0,,,paired_architecture_difference_bootstrap,unet,resnet,first minus second; lower error is better except min_det_f,,,,,
,64,16,128,32,min_det_f,,0.725743252547,1.66803824382,75.0,10000.0,,,paired_architecture_difference_bootstrap,unet,resnet,first minus second; lower error is better except min_det_f,1.18736156645,,,,
,64,16,128,32,nonpositive_j_fraction,,-0.00581384584991,0.0042312533514,75.0,10000.0,,,paired_architecture_difference_bootstrap,unet,resnet,first minus second; lower error is better except min_det_f,-0.000611859001496,,,,
,64,16,200,50,joint_rel_l2,,-0.832907913176,-0.828631131917,75.0,10000.0,,,paired_architecture_difference_bootstrap,corrected_fno,unet,first minus second; lower error is better except min_det_f,-0.830731751185,,,,
,64,16,200,50,ux_rel_l2,,-0.893793974481,-0.868663346532,75.0,10000.0,,,paired_architecture_difference_bootstrap,corrected_fno,unet,first minus second; lower error is better except min_det_f,-0.881269356878,,,,
,64,16,200,50,uy_rel_l2,,-0.830667195627,-0.826403366532,75.0,10000.0,,,paired_architecture_difference_bootstrap,corrected_fno,unet,first minus second; lower error is better except min_det_f,-0.828470603632,,,,
,64,16,200,50,vector_h1_seminorm_rel,,-0.746898118457,-0.661266984215,75.0,10000.0,,,paired_architecture_difference_bootstrap,corrected_fno,unet,first minus second; lower error is better except min_det_f,-0.70361463504,,,,
,64,16,200,50,deformation_gradient_rel,,-0.184575102464,-0.167136686548,75.0,10000.0,,,paired_architecture_difference_bootstrap,corrected_fno,unet,first minus second; lower error is better except min_det_f,-0.176128334966,,,,
,64,16,200,50,strain_energy_density_rel,,,,0.0,10000.0,,,paired_architecture_difference_bootstrap,corrected_fno,unet,first minus second; lower error is better except min_det_f,,,,,
,64,16,200,50,sampled_total_potential_rel,,,,0.0,10000.0,,,paired_architecture_difference_bootstrap,corrected_fno,unet,first minus second; lower error is better except min_det_f,,,,,
,64,16,200,50,min_det_f,,-7.78691714461,-6.74117700986,75.0,10000.0,,,paired_architecture_difference_bootstrap,corrected_fno,unet,first minus second; lower error is better except min_det_f,-7.25276481335,,,,
,64,16,200,50,nonpositive_j_fraction,,-0.0758613931335,-0.0694492644629,75.0,10000.0,,,paired_architecture_difference_bootstrap,corrected_fno,unet,first minus second; lower error is better except min_det_f,-0.0725628140704,,,,
,64,16,200,50,joint_rel_l2,,-0.480492681392,-0.46120527037,75.0,10000.0,,,paired_architecture_difference_bootstrap,corrected_fno,resnet,first minus second; lower error is better except min_det_f,-0.470494676979,,,,
,64,16,200,50,ux_rel_l2,,-0.44090843196,-0.389916807041,75.0,10000.0,,,paired_architecture_difference_bootstrap,corrected_fno,resnet,first minus second; lower error is better except min_det_f,-0.413817442517,,,,
,64,16,200,50,uy_rel_l2,,-0.485078380035,-0.466802901598,75.0,10000.0,,,paired_architecture_difference_bootstrap,corrected_fno,resnet,first minus second; lower error is better except min_det_f,-0.475738705088,,,,
,64,16,200,50,vector_h1_seminorm_rel,,-0.220885214309,0.0184695823173,75.0,10000.0,,,paired_architecture_difference_bootstrap,corrected_fno,resnet,first minus second; lower error is better except min_det_f,-0.0963594800074,,,,
,64,16,200,50,deformation_gradient_rel,,-0.0562392458104,0.00520082668435,75.0,10000.0,,,paired_architecture_difference_bootstrap,corrected_fno,resnet,first minus second; lower error is better except min_det_f,-0.0241262506022,,,,
,64,16,200,50,strain_energy_density_rel,,,,0.0,10000.0,,,paired_architecture_difference_bootstrap,corrected_fno,resnet,first minus second; lower error is better except min_det_f,,,,,
,64,16,200,50,sampled_total_potential_rel,,,,0.0,10000.0,,,paired_architecture_difference_bootstrap,corrected_fno,resnet,first minus second; lower error is better except min_det_f,,,,,
,64,16,200,50,min_det_f,,-1.32470252384,-0.288557365704,75.0,10000.0,,,paired_architecture_difference_bootstrap,corrected_fno,resnet,first minus second; lower error is better except min_det_f,-0.806703960786,,,,
,64,16,200,50,nonpositive_j_fraction,,-0.0776787907793,-0.0663904214952,75.0,10000.0,,,paired_architecture_difference_bootstrap,corrected_fno,resnet,first minus second; lower error is better except min_det_f,-0.0719648127258,,,,
,64,16,200,50,joint_rel_l2,,0.351276479147,0.368619778133,75.0,10000.0,,,paired_architecture_difference_bootstrap,unet,resnet,first minus second; lower error is better except min_det_f,0.360237074206,,,,
,64,16,200,50,ux_rel_l2,,0.443726684088,0.489194578576,75.0,10000.0,,,paired_architecture_difference_bootstrap,unet,resnet,first minus second; lower error is better except min_det_f,0.467451914361,,,,
,64,16,200,50,uy_rel_l2,,0.344295872653,0.36057912278,75.0,10000.0,,,paired_architecture_difference_bootstrap,unet,resnet,first minus second; lower error is better except min_det_f,0.352731898544,,,,
,64,16,200,50,vector_h1_seminorm_rel,,0.479639343775,0.728745345718,75.0,10000.0,,,paired_architecture_difference_bootstrap,unet,resnet,first minus second; lower error is better except min_det_f,0.607255155033,,,,
,64,16,200,50,deformation_gradient_rel,,0.118233989436,0.18322893561,75.0,10000.0,,,paired_architecture_difference_bootstrap,unet,resnet,first minus second; lower error is better except min_det_f,0.152002084364,,,,
,64,16,200,50,strain_energy_density_rel,,,,0.0,10000.0,,,paired_architecture_difference_bootstrap,unet,resnet,first minus second; lower error is better except min_det_f,,,,,
,64,16,200,50,sampled_total_potential_rel,,,,0.0,10000.0,,,paired_architecture_difference_bootstrap,unet,resnet,first minus second; lower error is better except min_det_f,,,,,
,64,16,200,50,min_det_f,,5.73931022435,7.134744093,75.0,10000.0,,,paired_architecture_difference_bootstrap,unet,resnet,first minus second; lower error is better except min_det_f,6.44606085256,,,,
,64,16,200,50,nonpositive_j_fraction,,-0.00398091363849,0.00511186317073,75.0,10000.0,,,paired_architecture_difference_bootstrap,unet,resnet,first minus second; lower error is better except min_det_f,0.000598001344591,,,,
,128,32,64,16,joint_rel_l2,,-0.490026597335,-0.484859748005,75.0,10000.0,,,paired_architecture_difference_bootstrap,corrected_fno,unet,first minus second; lower error is better except min_det_f,-0.487309301758,,,,
,128,32,64,16,ux_rel_l2,,-0.448384534345,-0.44298571865,75.0,10000.0,,,paired_architecture_difference_bootstrap,corrected_fno,unet,first minus second; lower error is better except min_det_f,-0.44564081706,,,,
,128,32,64,16,uy_rel_l2,,-0.491543465687,-0.48614708619,75.0,10000.0,,,paired_architecture_difference_bootstrap,corrected_fno,unet,first minus second; lower error is better except min_det_f,-0.488716604045,,,,
,128,32,64,16,vector_h1_seminorm_rel,,-1.13368699921,-1.11699507805,75.0,10000.0,,,paired_architecture_difference_bootstrap,corrected_fno,unet,first minus second; lower error is better except min_det_f,-1.12524567393,,,,
,128,32,64,16,deformation_gradient_rel,,-0.287387891668,-0.283445539415,75.0,10000.0,,,paired_architecture_difference_bootstrap,corrected_fno,unet,first minus second; lower error is better except min_det_f,-0.285458085613,,,,
,128,32,64,16,strain_energy_density_rel,,,,0.0,10000.0,,,paired_architecture_difference_bootstrap,corrected_fno,unet,first minus second; lower error is better except min_det_f,,,,,
,128,32,64,16,sampled_total_potential_rel,,,,0.0,10000.0,,,paired_architecture_difference_bootstrap,corrected_fno,unet,first minus second; lower error is better except min_det_f,,,,,
,128,32,64,16,min_det_f,,0.80316643888,0.829488943835,75.0,10000.0,,,paired_architecture_difference_bootstrap,corrected_fno,unet,first minus second; lower error is better except min_det_f,0.816281485457,,,,
,128,32,64,16,nonpositive_j_fraction,,-0.0182104644327,-0.0175049970606,75.0,10000.0,,,paired_architecture_difference_bootstrap,corrected_fno,unet,first minus second; lower error is better except min_det_f,-0.0178624338624,,,,
,128,32,64,16,joint_rel_l2,,-0.126014074254,-0.122081527271,75.0,10000.0,,,paired_architecture_difference_bootstrap,corrected_fno,resnet,first minus second; lower error is better except min_det_f,-0.12386609155,,,,
,128,32,64,16,ux_rel_l2,,-0.127524477435,-0.124889084722,75.0,10000.0,,,paired_architecture_difference_bootstrap,corrected_fno,resnet,first minus second; lower error is better except min_det_f,-0.126069756646,,,,
,128,32,64,16,uy_rel_l2,,-0.126498781992,-0.122521232222,75.0,10000.0,,,paired_architecture_difference_bootstrap,corrected_fno,resnet,first minus second; lower error is better except min_det_f,-0.124351485112,,,,
,128,32,64,16,vector_h1_seminorm_rel,,-0.351220959413,-0.34085385668,75.0,10000.0,,,paired_architecture_difference_bootstrap,corrected_fno,resnet,first minus second; lower error is better except min_det_f,-0.345640390286,,,,
,128,32,64,16,deformation_gradient_rel,,-0.0892620122732,-0.0863889787161,75.0,10000.0,,,paired_architecture_difference_bootstrap,corrected_fno,resnet,first minus second; lower error is better except min_det_f,-0.0877201624933,,,,
,128,32,64,16,strain_energy_density_rel,,-23.6294460578,-21.1283287741,70.0,10000.0,,,paired_architecture_difference_bootstrap,corrected_fno,resnet,first minus second; lower error is better except min_det_f,-22.1647698965,,,,
,128,32,64,16,sampled_total_potential_rel,,-46.5264330819,-44.3565935405,70.0,10000.0,,,paired_architecture_difference_bootstrap,corrected_fno,resnet,first minus second; lower error is better except min_det_f,-45.307722948,,,,
,128,32,64,16,min_det_f,,0.233700905753,0.262022965699,75.0,10000.0,,,paired_architecture_difference_bootstrap,corrected_fno,resnet,first minus second; lower error is better except min_det_f,0.247149830112,,,,
,128,32,64,16,nonpositive_j_fraction,,-4.70311581423e-05,-4.70311581423e-06,75.0,10000.0,,,paired_architecture_difference_bootstrap,corrected_fno,resnet,first minus second; lower error is better except min_det_f,-2.35155790711e-05,,,,
,128,32,64,16,joint_rel_l2,,0.359407947763,0.367534286539,75.0,10000.0,,,paired_architecture_difference_bootstrap,unet,resnet,first minus second; lower error is better except min_det_f,0.363443210208,,,,
,128,32,64,16,ux_rel_l2,,0.317353655967,0.321681441892,75.0,10000.0,,,paired_architecture_difference_bootstrap,unet,resnet,first minus second; lower error is better except min_det_f,0.319571060414,,,,
,128,32,64,16,uy_rel_l2,,0.360169321561,0.36856334816,75.0,10000.0,,,paired_architecture_difference_bootstrap,unet,resnet,first minus second; lower error is better except min_det_f,0.364365118934,,,,
,128,32,64,16,vector_h1_seminorm_rel,,0.771686902696,0.78685335075,75.0,10000.0,,,paired_architecture_difference_bootstrap,unet,resnet,first minus second; lower error is better except min_det_f,0.779605283641,,,,
,128,32,64,16,deformation_gradient_rel,,0.195987809573,0.19922994991,75.0,10000.0,,,paired_architecture_difference_bootstrap,unet,resnet,first minus second; lower error is better except min_det_f,0.19773792312,,,,
,128,32,64,16,strain_energy_density_rel,,,,0.0,10000.0,,,paired_architecture_difference_bootstrap,unet,resnet,first minus second; lower error is better except min_det_f,,,,,
,128,32,64,16,sampled_total_potential_rel,,,,0.0,10000.0,,,paired_architecture_difference_bootstrap,unet,resnet,first minus second; lower error is better except min_det_f,,,,,
,128,32,64,16,min_det_f,,-0.581107727373,-0.557307413371,75.0,10000.0,,,paired_architecture_difference_bootstrap,unet,resnet,first minus second; lower error is better except min_det_f,-0.569131655345,,,,
,128,32,64,16,nonpositive_j_fraction,,0.0174767783657,0.0182010582011,75.0,10000.0,,,paired_architecture_difference_bootstrap,unet,resnet,first minus second; lower error is better except min_det_f,0.0178389182834,,,,
,128,32,128,32,joint_rel_l2,,-0.0077299805618,-0.00700314304712,75.0,10000.0,,,paired_architecture_difference_bootstrap,corrected_fno,unet,first minus second; lower error is better except min_det_f,-0.00734516607851,,,,
,128,32,128,32,ux_rel_l2,,-0.0108567201464,-0.00955973751442,75.0,10000.0,,,paired_architecture_difference_bootstrap,corrected_fno,unet,first minus second; lower error is better except min_det_f,-0.0101812323913,,,,
,128,32,128,32,uy_rel_l2,,-0.0075890033129,-0.00690664126425,75.0,10000.0,,,paired_architecture_difference_bootstrap,corrected_fno,unet,first minus second; lower error is better except min_det_f,-0.00722975288092,,,,
,128,32,128,32,vector_h1_seminorm_rel,,-0.279548497854,-0.270868249762,75.0,10000.0,,,paired_architecture_difference_bootstrap,corrected_fno,unet,first minus second; lower error is better except min_det_f,-0.275062810335,,,,
,128,32,128,32,deformation_gradient_rel,,-0.0709219086662,-0.0687440763634,75.0,10000.0,,,paired_architecture_difference_bootstrap,corrected_fno,unet,first minus second; lower error is better except min_det_f,-0.0697840256084,,,,
,128,32,128,32,strain_energy_density_rel,,-25.8866759399,-24.1676630774,64.0,10000.0,,,paired_architecture_difference_bootstrap,corrected_fno,unet,first minus second; lower error is better except min_det_f,-24.989876819,,,,
,128,32,128,32,sampled_total_potential_rel,,-17.0911616247,-15.9796444564,64.0,10000.0,,,paired_architecture_difference_bootstrap,corrected_fno,unet,first minus second; lower error is better except min_det_f,-16.5058473502,,,,
,128,32,128,32,min_det_f,,0.531907860058,0.566464791823,75.0,10000.0,,,paired_architecture_difference_bootstrap,corrected_fno,unet,first minus second; lower error is better except min_det_f,0.54896065293,,,,
,128,32,128,32,nonpositive_j_fraction,,-1.91911494934e-05,-5.64445573336e-06,75.0,10000.0,,,paired_architecture_difference_bootstrap,corrected_fno,unet,first minus second; lower error is better except min_det_f,-1.24178026134e-05,,,,
,128,32,128,32,joint_rel_l2,,-0.00627866588216,-0.00513406659219,75.0,10000.0,,,paired_architecture_difference_bootstrap,corrected_fno,resnet,first minus second; lower error is better except min_det_f,-0.00564154650708,,,,
,128,32,128,32,ux_rel_l2,,-0.00669466835907,-0.0049123635981,75.0,10000.0,,,paired_architecture_difference_bootstrap,corrected_fno,resnet,first minus second; lower error is better except min_det_f,-0.00568907700536,,,,
,128,32,128,32,uy_rel_l2,,-0.00634021680203,-0.00518092019902,75.0,10000.0,,,paired_architecture_difference_bootstrap,corrected_fno,resnet,first minus second; lower error is better except min_det_f,-0.00568887867759,,,,
,128,32,128,32,vector_h1_seminorm_rel,,-0.0612785838029,-0.0505276417843,75.0,10000.0,,,paired_architecture_difference_bootstrap,corrected_fno,resnet,first minus second; lower error is better except min_det_f,-0.055512923556,,,,
,128,32,128,32,deformation_gradient_rel,,-0.0156040557762,-0.0128089203379,75.0,10000.0,,,paired_architecture_difference_bootstrap,corrected_fno,resnet,first minus second; lower error is better except min_det_f,-0.0141057018586,,,,
,128,32,128,32,strain_energy_density_rel,,-8.48382242942,-5.71329598664,64.0,10000.0,,,paired_architecture_difference_bootstrap,corrected_fno,resnet,first minus second; lower error is better except min_det_f,-6.90547797806,,,,
,128,32,128,32,sampled_total_potential_rel,,-2.1203978094,-1.67061847579,64.0,10000.0,,,paired_architecture_difference_bootstrap,corrected_fno,resnet,first minus second; lower error is better except min_det_f,-1.85262252308,,,,
,128,32,128,32,min_det_f,,0.336513299922,0.476408137091,75.0,10000.0,,,paired_architecture_difference_bootstrap,corrected_fno,resnet,first minus second; lower error is better except min_det_f,0.40075768189,,,,
,128,32,128,32,nonpositive_j_fraction,,-7.67645979736e-05,-1.24178026134e-05,75.0,10000.0,,,paired_architecture_difference_bootstrap,corrected_fno,resnet,first minus second; lower error is better except min_det_f,-4.06400812802e-05,,,,
,128,32,128,32,joint_rel_l2,,0.00120315342958,0.00216703090663,75.0,10000.0,,,paired_architecture_difference_bootstrap,unet,resnet,first minus second; lower error is better except min_det_f,0.00170361957143,,,,
,128,32,128,32,ux_rel_l2,,0.00378583423302,0.00514400291053,75.0,10000.0,,,paired_architecture_difference_bootstrap,unet,resnet,first minus second; lower error is better except min_det_f,0.00449215538593,,,,
,128,32,128,32,uy_rel_l2,,0.00102829611623,0.00199772971979,75.0,10000.0,,,paired_architecture_difference_bootstrap,unet,resnet,first minus second; lower error is better except min_det_f,0.00154087420333,,,,
,128,32,128,32,vector_h1_seminorm_rel,,0.214066201569,0.22474986771,75.0,10000.0,,,paired_architecture_difference_bootstrap,unet,resnet,first minus second; lower error is better except min_det_f,0.219549886779,,,,
,128,32,128,32,deformation_gradient_rel,,0.0543161725008,0.0570201310537,75.0,10000.0,,,paired_architecture_difference_bootstrap,unet,resnet,first minus second; lower error is better except min_det_f,0.0556783237498,,,,
,128,32,128,32,strain_energy_density_rel,,16.7969854716,19.1238624251,62.0,10000.0,,,paired_architecture_difference_bootstrap,unet,resnet,first minus second; lower error is better except min_det_f,18.0137892408,,,,
,128,32,128,32,sampled_total_potential_rel,,14.1640894771,15.0639940299,62.0,10000.0,,,paired_architecture_difference_bootstrap,unet,resnet,first minus second; lower error is better except min_det_f,14.5908604776,,,,
,128,32,128,32,min_det_f,,-0.207026874367,-0.0786040527301,75.0,10000.0,,,paired_architecture_difference_bootstrap,unet,resnet,first minus second; lower error is better except min_det_f,-0.148202971041,,,,
,128,32,128,32,nonpositive_j_fraction,,-6.09601219202e-05,-3.38667344001e-06,75.0,10000.0,,,paired_architecture_difference_bootstrap,unet,resnet,first minus second; lower error is better except min_det_f,-2.82222786668e-05,,,,
,128,32,200,50,joint_rel_l2,,-0.414265609723,-0.412150488417,75.0,10000.0,,,paired_architecture_difference_bootstrap,corrected_fno,unet,first minus second; lower error is better except min_det_f,-0.413173559005,,,,
,128,32,200,50,ux_rel_l2,,-0.5568100917,-0.539533855915,75.0,10000.0,,,paired_architecture_difference_bootstrap,corrected_fno,unet,first minus second; lower error is better except min_det_f,-0.548076444192,,,,
,128,32,200,50,uy_rel_l2,,-0.407225724626,-0.405873196356,75.0,10000.0,,,paired_architecture_difference_bootstrap,corrected_fno,unet,first minus second; lower error is better except min_det_f,-0.406528089013,,,,
,128,32,200,50,vector_h1_seminorm_rel,,-0.571089169695,-0.536660770857,75.0,10000.0,,,paired_architecture_difference_bootstrap,corrected_fno,unet,first minus second; lower error is better except min_det_f,-0.553642045535,,,,
,128,32,200,50,deformation_gradient_rel,,-0.142679084558,-0.136986548542,75.0,10000.0,,,paired_architecture_difference_bootstrap,corrected_fno,unet,first minus second; lower error is better except min_det_f,-0.139754745922,,,,
,128,32,200,50,strain_energy_density_rel,,,,0.0,10000.0,,,paired_architecture_difference_bootstrap,corrected_fno,unet,first minus second; lower error is better except min_det_f,,,,,
,128,32,200,50,sampled_total_potential_rel,,,,0.0,10000.0,,,paired_architecture_difference_bootstrap,corrected_fno,unet,first minus second; lower error is better except min_det_f,,,,,
,128,32,200,50,min_det_f,,-3.15840651151,-3.08718507355,75.0,10000.0,,,paired_architecture_difference_bootstrap,corrected_fno,unet,first minus second; lower error is better except min_det_f,-3.12359423418,,,,
,128,32,200,50,nonpositive_j_fraction,,0.00616734465981,0.00691485773539,75.0,10000.0,,,paired_architecture_difference_bootstrap,corrected_fno,unet,first minus second; lower error is better except min_det_f,0.00654747661209,,,,
,128,32,200,50,joint_rel_l2,,-0.196979433832,-0.196202920333,75.0,10000.0,,,paired_architecture_difference_bootstrap,corrected_fno,resnet,first minus second; lower error is better except min_det_f,-0.196564466623,,,,
,128,32,200,50,ux_rel_l2,,-0.202709156807,-0.198093180236,75.0,10000.0,,,paired_architecture_difference_bootstrap,corrected_fno,resnet,first minus second; lower error is better except min_det_f,-0.200224316465,,,,
,128,32,200,50,uy_rel_l2,,-0.198711542408,-0.197993330777,75.0,10000.0,,,paired_architecture_difference_bootstrap,corrected_fno,resnet,first minus second; lower error is better except min_det_f,-0.198328216693,,,,
,128,32,200,50,vector_h1_seminorm_rel,,0.359130196975,0.382403725282,75.0,10000.0,,,paired_architecture_difference_bootstrap,corrected_fno,resnet,first minus second; lower error is better except min_det_f,0.371226211538,,,,
,128,32,200,50,deformation_gradient_rel,,0.0909216416644,0.0987713235295,75.0,10000.0,,,paired_architecture_difference_bootstrap,corrected_fno,resnet,first minus second; lower error is better except min_det_f,0.0949684482559,,,,
,128,32,200,50,strain_energy_density_rel,,,,0.0,10000.0,,,paired_architecture_difference_bootstrap,corrected_fno,resnet,first minus second; lower error is better except min_det_f,,,,,
,128,32,200,50,sampled_total_potential_rel,,,,0.0,10000.0,,,paired_architecture_difference_bootstrap,corrected_fno,resnet,first minus second; lower error is better except min_det_f,,,,,
,128,32,200,50,min_det_f,,-3.3749834816,-2.98908987829,75.0,10000.0,,,paired_architecture_difference_bootstrap,corrected_fno,resnet,first minus second; lower error is better except min_det_f,-3.19842855978,,,,
,128,32,200,50,nonpositive_j_fraction,,0.0111022231338,0.0115798949396,75.0,10000.0,,,paired_architecture_difference_bootstrap,corrected_fno,resnet,first minus second; lower error is better except min_det_f,0.0113497191171,,,,
,128,32,200,50,joint_rel_l2,,0.21544808521,0.217810583858,75.0,10000.0,,,paired_architecture_difference_bootstrap,unet,resnet,first minus second; lower error is better except min_det_f,0.216609092382,,,,
,128,32,200,50,ux_rel_l2,,0.339568617206,0.355954166202,75.0,10000.0,,,paired_architecture_difference_bootstrap,unet,resnet,first minus second; lower error is better except min_det_f,0.347852127728,,,,
,128,32,200,50,uy_rel_l2,,0.207416228409,0.209014337734,75.0,10000.0,,,paired_architecture_difference_bootstrap,unet,resnet,first minus second; lower error is better except min_det_f,0.20819987232,,,,
,128,32,200,50,vector_h1_seminorm_rel,,0.913046229647,0.937070826264,75.0,10000.0,,,paired_architecture_difference_bootstrap,unet,resnet,first minus second; lower error is better except min_det_f,0.924868257073,,,,
,128,32,200,50,deformation_gradient_rel,,0.231515622695,0.238161908009,75.0,10000.0,,,paired_architecture_difference_bootstrap,unet,resnet,first minus second; lower error is better except min_det_f,0.234723194178,,,,
,128,32,200,50,strain_energy_density_rel,,,,0.0,10000.0,,,paired_architecture_difference_bootstrap,unet,resnet,first minus second; lower error is better except min_det_f,,,,,
,128,32,200,50,sampled_total_potential_rel,,,,0.0,10000.0,,,paired_architecture_difference_bootstrap,unet,resnet,first minus second; lower error is better except min_det_f,,,,,
,128,32,200,50,min_det_f,,-0.262934231609,0.157318041014,75.0,10000.0,,,paired_architecture_difference_bootstrap,unet,resnet,first minus second; lower error is better except min_det_f,-0.0748343256084,,,,
,128,32,200,50,nonpositive_j_fraction,,0.00442483392017,0.00520655431352,75.0,10000.0,,,paired_architecture_difference_bootstrap,unet,resnet,first minus second; lower error is better except min_det_f,0.00480224250504,,,,
Corrected standard FNO,64,16,64,16,,,,,,,,,admissibility_conditioning,,,,,75.0,1.0,0.0,3.0
Corrected standard FNO,64,16,128,32,,,,,,,,,admissibility_conditioning,,,,,75.0,0.0,1.0,0.0
Corrected standard FNO,64,16,200,50,,,,,,,,,admissibility_conditioning,,,,,75.0,0.0,1.0,0.0
Corrected standard FNO,128,32,64,16,,,,,,,,,admissibility_conditioning,,,,,75.0,1.0,0.0,3.0
Corrected standard FNO,128,32,128,32,,,,,,,,,admissibility_conditioning,,,,,75.0,1.0,0.0,3.0
Corrected standard FNO,128,32,200,50,,,,,,,,,admissibility_conditioning,,,,,75.0,0.0,1.0,0.0
ResNet,64,16,64,16,,,,,,,,,admissibility_conditioning,,,,,75.0,1.0,0.0,3.0
ResNet,64,16,128,32,,,,,,,,,admissibility_conditioning,,,,,75.0,0.08,0.92,2.0
ResNet,64,16,200,50,,,,,,,,,admissibility_conditioning,,,,,75.0,0.00444444444444,0.995555555556,1.0
ResNet,128,32,64,16,,,,,,,,,admissibility_conditioning,,,,,75.0,0.977777777778,0.0222222222222,3.0
ResNet,128,32,128,32,,,,,,,,,admissibility_conditioning,,,,,75.0,0.937777777778,0.0622222222222,3.0
ResNet,128,32,200,50,,,,,,,,,admissibility_conditioning,,,,,75.0,0.426666666667,0.573333333333,3.0
U-Net,64,16,64,16,,,,,,,,,admissibility_conditioning,,,,,75.0,1.0,0.0,3.0
U-Net,64,16,128,32,,,,,,,,,admissibility_conditioning,,,,,75.0,0.204444444444,0.795555555556,1.0
U-Net,64,16,200,50,,,,,,,,,admissibility_conditioning,,,,,75.0,0.0,1.0,0.0
U-Net,128,32,64,16,,,,,,,,,admissibility_conditioning,,,,,75.0,0.328888888889,0.671111111111,1.0
U-Net,128,32,128,32,,,,,,,,,admissibility_conditioning,,,,,75.0,0.951111111111,0.0488888888889,3.0
U-Net,128,32,200,50,,,,,,,,,admissibility_conditioning,,,,,75.0,0.186666666667,0.813333333333,2.0
