architecture,train_resolution,eval_resolution,beta,split_seed,val_resolution,protocol,n_seeds,seeds,rel_l2_seed_mean_mean,rel_l2_seed_mean_std,rel_h1_seminorm_seed_mean_mean,rel_h1_seminorm_seed_mean_std,rel_energy_norm_seed_mean_mean,rel_energy_norm_seed_mean_std,n_test_samples,aggregation,matrix_row,matrix_column,record_type,protocol_label,path,D_field_seed_mean,D_field_seed_std,D_field_seed_min,D_field_seed_max,D_op_seed_mean,D_op_seed_std,D_op_seed_min,D_op_seed_max,amplification_seed_mean,amplification_seed_std,amplification_seed_min,amplification_seed_max,comparison,operator,absolute_pde_residual,baseline,n_samples,mean,per_sample_std,unique_seed_means,definition,source_or_boundary_assumption
FNO,128.0,128.0,1.0,1.0,128.0,fixed-val128,3.0,0001;0002;0003,0.036685789436,0.00148316844577,0.148605576956,0.00502171925411,0.233562549836,0.0084087050576,1000.0,sample mean within seed; arithmetic mean across three seeds,evaluation_resolution,train_resolution,physical_metric,,,,,,,,,,,,,,,,,,,,,,,,
FNO,128.0,256.0,1.0,1.0,128.0,fixed-val128,3.0,0001;0002;0003,0.0365875047413,0.00147727269566,0.163083271693,0.00621049412888,0.252940978139,0.0105319937993,1000.0,sample mean within seed; arithmetic mean across three seeds,evaluation_resolution,train_resolution,physical_metric,,,,,,,,,,,,,,,,,,,,,,,,
FNO,256.0,128.0,1.0,1.0,128.0,fixed-val128,3.0,0001;0002;0003,0.0370712387355,0.00146390273011,0.152682965378,0.00528693052286,0.237644216993,0.00962140478239,1000.0,sample mean within seed; arithmetic mean across three seeds,evaluation_resolution,train_resolution,physical_metric,,,,,,,,,,,,,,,,,,,,,,,,
FNO,256.0,256.0,1.0,1.0,128.0,fixed-val128,3.0,0001;0002;0003,0.036684978521,0.00147603188523,0.164898107131,0.00657799980163,0.256070605046,0.011322291387,1000.0,sample mean within seed; arithmetic mean across three seeds,evaluation_resolution,train_resolution,physical_metric,,,,,,,,,,,,,,,,,,,,,,,,
U-Net,128.0,128.0,1.0,1.0,128.0,fixed-val128,3.0,0001;0002;0003,0.0520686778487,0.00317024128254,0.30067789786,0.0750247037015,0.432287892103,0.118627036154,1000.0,sample mean within seed; arithmetic mean across three seeds,evaluation_resolution,train_resolution,physical_metric,,,,,,,,,,,,,,,,,,,,,,,,
U-Net,128.0,256.0,1.0,1.0,128.0,fixed-val128,3.0,0001;0002;0003,0.765548239983,0.0554395374302,1.68729186774,0.0139398496028,1.51173086896,0.0589012528735,1000.0,sample mean within seed; arithmetic mean across three seeds,evaluation_resolution,train_resolution,physical_metric,,,,,,,,,,,,,,,,,,,,,,,,
U-Net,256.0,128.0,1.0,1.0,128.0,fixed-val128,3.0,0001;0002;0003,0.373014948703,0.0194600122411,0.783425196463,0.0792169045238,1.0068402929,0.113505284922,1000.0,sample mean within seed; arithmetic mean across three seeds,evaluation_resolution,train_resolution,physical_metric,,,,,,,,,,,,,,,,,,,,,,,,
U-Net,256.0,256.0,1.0,1.0,128.0,fixed-val128,3.0,0001;0002;0003,0.27020426448,0.0582992444253,1.27684942398,0.0807152955133,2.1577546481,0.11515942663,1000.0,sample mean within seed; arithmetic mean across three seeds,evaluation_resolution,train_resolution,physical_metric,,,,,,,,,,,,,,,,,,,,,,,,
ResNet,128.0,128.0,1.0,1.0,128.0,fixed-val128,3.0,0001;0002;0003,0.0494279840383,0.00346507846652,0.226581778019,0.019040307513,0.309547322204,0.0200853149442,1000.0,sample mean within seed; arithmetic mean across three seeds,evaluation_resolution,train_resolution,physical_metric,,,,,,,,,,,,,,,,,,,,,,,,
ResNet,128.0,256.0,1.0,1.0,128.0,fixed-val128,3.0,0001;0002;0003,0.481758187156,0.014100349811,1.02576804847,0.0266141013493,1.05625896312,0.0284423811082,1000.0,sample mean within seed; arithmetic mean across three seeds,evaluation_resolution,train_resolution,physical_metric,,,,,,,,,,,,,,,,,,,,,,,,
ResNet,256.0,128.0,1.0,1.0,128.0,fixed-val128,3.0,0001;0002;0003,0.21186399121,0.00726313240767,0.889839928398,0.124842158391,1.49666442067,0.210372981981,1000.0,sample mean within seed; arithmetic mean across three seeds,evaluation_resolution,train_resolution,physical_metric,,,,,,,,,,,,,,,,,,,,,,,,
ResNet,256.0,256.0,1.0,1.0,128.0,fixed-val128,3.0,0001;0002;0003,0.131337878184,0.0181131764432,0.792045485203,0.123006887411,1.33977356246,0.188257572363,1000.0,sample mean within seed; arithmetic mean across three seeds,evaluation_resolution,train_resolution,physical_metric,,,,,,,,,,,,,,,,,,,,,,,,
FNO,,,,,,B,3.0,0001;0002;0003,,,,,,,1000.0,,,,path_consistency,high-resolution resolution-matched protocol,128->256,0.00433918476726,8.17906600321e-05,0.00422773556784,0.00442172121257,0.208767491527,0.00819073560379,0.198535377884,0.218585687478,51.3950453035,2.03692907929,49.6828331939,54.2573585709,transfer prediction versus matched-resolution reference prediction,div(-a grad u); harmonic face averaging; production-valid interior stencil,False,,,,,,,
FNO,,,,,,B,3.0,0001;0002;0003,,,,,,,1000.0,,,,path_consistency,high-resolution resolution-matched protocol,256->128,0.00436445387701,0.000144771746498,0.00416531832889,0.00450521707535,0.209745149126,0.00878084646926,0.199350089754,0.220825871191,51.7852649859,2.20375727067,49.3967843846,54.713341921,transfer prediction versus matched-resolution reference prediction,div(-a grad u); harmonic face averaging; production-valid interior stencil,False,,,,,,,
U-Net,,,,,,B,3.0,0001;0002;0003,,,,,,,1000.0,,,,path_consistency,high-resolution resolution-matched,128->256,0.761808654913,0.0463551633466,0.728297162663,0.827359243683,1.12268863354,0.0256465863113,1.10383636331,1.15894879583,1.70206082921,0.0265059353043,1.67114421251,1.73587585345,transfer prediction versus matched-resolution reference prediction,div(-a grad u); harmonic face averaging; production-valid interior stencil,False,,,,,,,
U-Net,,,,,,B,3.0,0001;0002;0003,,,,,,,1000.0,,,,path_consistency,high-resolution resolution-matched,256->128,0.495097558105,0.021947754966,0.472874756497,0.524975051699,2.0105365332,0.167729267012,1.84060981262,2.23882938363,4.2109958337,0.404354151242,3.82145832252,4.76832329485,transfer prediction versus matched-resolution reference prediction,div(-a grad u); harmonic face averaging; production-valid interior stencil,False,,,,,,,
ResNet,,,,,,B,3.0,0001;0002;0003,,,,,,,1000.0,,,,path_consistency,high-resolution resolution-matched,128->256,0.482224397724,0.0282179338844,0.449325097713,0.518234332317,1.04847338869,0.0349089868619,1.01998587513,1.0976356538,2.47815829611,0.234460918888,2.22744135595,2.79143601924,transfer prediction versus matched-resolution reference prediction,div(-a grad u); harmonic face averaging; production-valid interior stencil,False,,,,,,,
ResNet,,,,,,B,3.0,0001;0002;0003,,,,,,,1000.0,,,,path_consistency,high-resolution resolution-matched,256->128,0.225155222425,0.0218678748329,0.196466917257,0.249501464016,7.34736707984,0.708657626104,6.36674553324,8.01678531616,34.9421637905,1.31942967488,33.6309809939,36.7475124483,transfer prediction versus matched-resolution reference prediction,div(-a grad u); harmonic face averaging; production-valid interior stencil,False,,,,,,,
,,256.0,,,,,,,,,,,,,,,,,fd_target_resampling_baseline,,,,,,,,,,,,,,,,,False,PDEBench target-resampling FD reference,1000.0,0.000201110142859,8.20031659201e-05,1.0,same target/coefficient fields represented through the audited resampling/FD construction,none
